RefexSampleId	BiosampleId	ProjectSampleId
RES00003791	SAMEA5618890	ERR3333388
RES00003792	SAMEA5618891	ERR3333389
RES00003793	SAMEA5618892	ERR3333390
RES00003794	SAMEA5618893	ERR3333391
RES00003795	SAMEA5618894	ERR3333392
RES00003796	SAMEA5618895	ERR3333393
RES00003797	SAMEA5618896	ERR3333394
RES00003798	SAMEA5618897	ERR3333395
RES00003799	SAMEA5618898	ERR3333396
RES00003800	SAMEA5618899	ERR3333397
RES00003801	SAMEA5618900	ERR3333398
RES00003802	SAMEA5618901	ERR3333399
RES00003803	SAMEA5618902	ERR3333400
RES00003804	SAMEA5618903	ERR3333401
RES00003805	SAMEA5618906	ERR3333404
RES00003806	SAMEA5618907	ERR3333405
RES00003807	SAMEA5618908	ERR3333406
RES00003808	SAMEA5618909	ERR3333407
RES00003809	SAMEA5618910	ERR3333408
RES00003810	SAMEA5618911	ERR3333409
RES00003811	SAMEA5618912	ERR3333410
RES00003812	SAMEA5618913	ERR3333411
RES00003813	SAMEA5618914	ERR3333412
RES00003814	SAMEA5618915	ERR3333413
RES00003815	SAMEA5618916	ERR3333414
RES00003816	SAMEA5618917	ERR3333415
RES00003817	SAMEA5618918	ERR3333416
RES00003818	SAMEA5618919	ERR3333417
RES00003819	SAMEA5618920	ERR3333418
RES00003820	SAMEA5618921	ERR3333419
RES00003821	SAMEA5618922	ERR3333420
RES00003822	SAMEA5618923	ERR3333421
RES00003823	SAMEA5618924	ERR3333422
RES00003824	SAMEA5618925	ERR3333423
RES00003825	SAMEA5618926	ERR3333424
RES00003826	SAMEA5618927	ERR3333425
RES00003827	SAMEA5618928	ERR3333426
RES00003828	SAMEA5618929	ERR3333427
RES00003829	SAMEA5618930	ERR3333428
RES00003830	SAMEA5618931	ERR3333429
RES00003831	SAMEA5618932	ERR3333430
RES00003832	SAMEA5618933	ERR3333431
RES00003833	SAMEA5618934	ERR3333432
RES00003834	SAMEA5618935	ERR3333433
RES00003835	SAMEA5618936	ERR3333434
RES00003836	SAMEA5618937	ERR3333435
RES00003837	SAMEA5618938	ERR3333436
RES00003838	SAMEA5618939	ERR3333437
RES00003839	SAMEA5618940	ERR3333438
RES00003840	SAMEA5618941	ERR3333439
RES00003841	SAMEA5618942	ERR3333440
RES00003842	SAMEA5618943	ERR3333441
RES00003843	SAMEA5618944	ERR3333442
RES00003844	SAMEA5618945	ERR3333443
